-- General Tables

CREATE TABLE STAFF (
    STAFFID CHAR(7),
    STOREID CHAR(7),
    NAME VARCHAR(128),
    AGE INTEGER,
    HOMEADDRESS VARCHAR(128),
    JOBTITLE VARCHAR(64),
    PHONENUMBER VARCHAR(16),
    EMAILADDRESS VARCHAR(64),
    TIMEOFEMPLOYMENT TIMESTAMP
);

INSERT INTO STAFF VALUES ('STF0001', 'STR0001', 'Luke Skywalker', 24, '100 Desert Ln', 'Warehouse Operator', '9191112222', 'lskywalker@hotmail.com', '2020-09-01T10:19:24');
INSERT INTO STAFF VALUES ('STF0002', 'STR0001', 'Princess Leia', 24, '24 Alderaan Palace', 'Registration Office Operator', '9191112222', 'leiap@hotmail.com', '2015-10-01T10:19:24');
INSERT INTO STAFF VALUES ('STF0003', 'STR0002', 'Han Solo', 31, '783 Millenium Dr', 'Cashier', '9192223333', 'fylingsolo@hotmail.com', '2017-09-04T10:19:24');
INSERT INTO STAFF VALUES ('STF0004', 'STR0002', 'Chewbacca', 64, '783 Millenium Dr', 'Billing Staff', '9193334444', 'walkingcarpet@hotmail.com', '2013-09-01T10:19:24');
INSERT INTO STAFF VALUES ('STF0005', 'STR0003', 'Obi Wan Kenobi', 73, '105 Desert Ln', 'Administrator', '9194445555', 'uncleben@hotmail.com', '2012-09-01T10:19:24');


CREATE TABLE STORE(
	STOREID CHAR(7), 
	MANAGERID CHAR(7), 
	STOREADDRESS VARCHAR(50), 
	PHONENUMBER VARCHAR(11)
);

INSERT INTO STORE VALUES ('STR0001', 'STF0005', '100 Wilson Ln', '9194542019');
INSERT INTO STORE VALUES ('STR0002', 'STF0005', '24 E Pearson', '9194542019');
INSERT INTO STORE VALUES ('STR0003', 'STF0005', '488 Arlington Ave', '9194322019');
INSERT INTO STORE VALUES ('STR0004', 'STF0005', '45 West St', '9193232019');
INSERT INTO STORE VALUES ('STR0005', 'STF0005', '600 Avington Dr', '91943242019');


-- Warehouse Tables

CREATE TABLE SUPPLIEDPRODUCTS (
	TRANSACTIONID CHAR(10),
	STOREID CHAR(10),
	PRODUCTID CHAR(10),
	BUYQUANTITY INTEGER,
	SUPPLIEDDATE DATE,
	PRODUCTIONDATE DATE,
	EXPIRATIONDATE DATE,
	BATCHID CHAR(10)
);

CREATE TABLE SUPPLY (
	SUPPLIERID CHAR(10),
	TRANSACTIONID CHAR(10)
);

CREATE TABLE SUPPLIERS (
	SUPPLIERID CHAR(7), 
	SUPPLIERNAME CHAR(150), 
	EMAILADDRESS VARCHAR(250), 
	PHONE VARCHAR(15), 
	LOCATION  VARCHAR(1000)
);

INSERT INTO SUPPLIERS VALUES ('SUP0001','Fresh Farm Eggs','freshfarmeggs@one.com','7778890000','Tootsy NC 27556');
INSERT INTO SUPPLIERS VALUES ('SUP0002','First in line stationaries','fil@fils.com','1978898000','Apex NC 27506');
INSERT INTO SUPPLIERS VALUES ('SUP0003','Bose','bose@out.com','1965598000','Apex NC 27506');
INSERT INTO SUPPLIERS VALUES ('SUP0004','Almonds Valley','a.valley@gout.com','1999598000','Ivory California 34456');

CREATE TABLE HASSUPPLIERS (
	SUPPLIERID CHAR(7), 
	STOREID CHAR(7)
);

INSERT INTO HASSUPPLIERS VALUES ('STR0010','SUP0001');
INSERT INTO HASSUPPLIERS VALUES ('STR0010','SUP0002');
INSERT INTO HASSUPPLIERS VALUES ('STR0010','SUP0003');
INSERT INTO HASSUPPLIERS VALUES ('STR0010','SUP0004');
INSERT INTO HASSUPPLIERS VALUES ('STR0020','SUP0002');
INSERT INTO HASSUPPLIERS VALUES ('STR0020','SUP0003');
INSERT INTO HASSUPPLIERS VALUES ('STR0030','SUP0002');
INSERT INTO HASSUPPLIERS VALUES ('STR0030','SUP0004');

<<<<<<< HEAD
CREATE TABLE STORE(
	STOREID CHAR(7), 
	MANAGERID CHAR(7) NOT NULL, 
	STOREADDRESS VARCHAR(50) NOT NULL, 
	PHONENUMBER VARCHAR(11) NOT NULL,
	PRIMARY KEY(STOREID),
);

INSERT INTO STORE VALUES ('STR0001','MNG0001','Gorman Street,Raleigh','9194321987');
INSERT INTO STORE VALUES ('STR0002','MNG0002','Western Blvd.,Raleigh','9192341987');
INSERT INTO STORE VALUES ('STR0003','MNG0003','Jackson Street,Raleigh','9194321789');
INSERT INTO STORE VALUES ('STR0004','MNG0004','Faucette Dr,Raleigh','9191234987');
INSERT INTO STORE VALUES ('STR0005','MNG0005','Clanton Street,Raleigh','9191234567');

CREATE TABLE TRANSACTIONS(
	TRANSACTIONID CHAR(7),
	STOREID CHAR(7),
	CUSTOMERID CHAR(10),
	CASHIERID CHAR(7),
	PURCHASEDATE DATE NOT NULL,
	TOTALPRICE FLOAT NOT NULL,
	PRIMARY KEY (TRANSACTIONID)
);

INSERT INTO TRANSACTIONS VALUES ('TRN0001','STR0001','CUST000001','CSH0001', '2020-05-16', '100');
INSERT INTO TRANSACTIONS VALUES ('TRN0002','STR0002','CUST000002','CSH0002', '2020-05-16', '70');
INSERT INTO TRANSACTIONS VALUES ('TRN0003','STR0003','CUST000001','CSH0003', '2020-05-16', '5');
INSERT INTO TRANSACTIONS VALUES ('TRN0004','STR0004','CUST000003','CSH0001', '2020-05-16', '10');
INSERT INTO TRANSACTIONS VALUES ('TRN0005','STR0005','CUST000003','CSH0002', '2020-05-16', '50');

CREATE TABLE TRANSACTIONITEMS(
	TRANSACTIONID CHAR(7),
	TRANSACTIONITEMID CHAR(10),
	PRODUCTID CHAR(7),
	QUANTITYSOLD INTEGER,
	TOTALSOLDPRICE FLOAT,
	PRIMARY KEY(TRANSACTIONID, TRANSACTIONITEMID),
	FOREIGN KEY(TRANSACTIONID) REFERENCES TRANSACTIONS(TRANSACTIONID) ON UPDATE CASCADE,
);

INSERT INTO TRANSACTIONITEMS VALUES ('TRN0001','TRNITM0001','PRD0001','5','50');
INSERT INTO TRANSACTIONITEMS VALUES ('TRN0002','TRNITM0002','PRD0002','1','75');
INSERT INTO TRANSACTIONITEMS VALUES ('TRN0003','TRNITM0003','PRD0003','2','20');
INSERT INTO TRANSACTIONITEMS VALUES ('TRN0004','TRNITM0004','PRD0004','4','32');
INSERT INTO TRANSACTIONITEMS VALUES ('TRN0005','TRNITM0005','PRD0005','7','55.55');

CREATE TABLE PERFORMSTRANSACTIONS(
	STAFFID CHAR(7),
	TRANSACTIONID CHAR(7),
	PRIMARY KEY(STAFFID,TRANSACTIONID),
	FOREIGN KEY(STAFFID) REFERENCES STAFF(STAFFID) ON UPDATE CASCADE,
	FOREIGN KEY (TRANSACTIONID) REFERENCES TRANSACTIONS(TRANSACTIONID) ON UPDATE CASCADE
);

INSERT INTO PERFORMSTRANSACTIONS VALUES('STF1111','TRN0001');
INSERT INTO PERFORMSTRANSACTIONS VALUES('STF1112','TRN0002');
INSERT INTO PERFORMSTRANSACTIONS VALUES('STF1113','TRN0003');
INSERT INTO PERFORMSTRANSACTIONS VALUES('STF1114','TRN0004');
INSERT INTO PERFORMSTRANSACTIONS VALUES('STF1115','TRN0005');
=======
CREATE TABLE PRODUCTINVENTORY (
	PRODUCTID CHAR(10),
	BATCHID CHAR(10),
	QUANTITYINSTOCK INTEGER,
	PRODUCTNAME VARCHAR(64),
	MARKETPRICE DECIMAL(8, 2)
);

CREATE TABLE MAINTAINS (
	ACTIONTYPE VARCHAR(32),
	STAFFID CHAR(10),
	PRODUCTID CHAR(10)
);

CREATE TABLE STOCKS (
	STAFFID CHAR(10),
	PRODUCTID CHAR(10),
	TRANSACTIONID CHAR(10)
);

-- Registration Tables

CREATE TABLE CLUBMEMBERS (
	CUSTOMERID CHAR(10), 
	FIRSTNAME VARCHAR(100), 
	LASTNAME VARCHAR(100), 
	MEMBERSHIPLEVEL VARCHAR(50), 
	EMAILADDRESS VARCHAR(250), 
	PHONENO VARCHAR(15), 
	HOMEADDRESS VARCHAR(1000), 
	ACTIVESTATUS VARCHAR(20)
);

INSERT INTO CLUBMEMBERS VALUES ('CUST000001', 'Ned','Stark', 'Platinum','ned.stark@one.com','911-911-9111','123 Street, Winterfell, Zion','Active');
INSERT INTO CLUBMEMBERS VALUES ('CUST000002', 'Cersei','Lannister', 'Platinum','cersie.lannister@one.com','901-911-9111','11 Street, Westeros Zion','Inactive');
INSERT INTO CLUBMEMBERS VALUES ('CUST000001', 'Jon','Snow', 'Platinum','jon.snow@one.com','9009117111','456 Street, Westeros Zion','Active');
INSERT INTO CLUBMEMBERS VALUES ('CUST000001', 'Sansa','Stark', 'Platinum','sansa.stark@one.com','999-911-9111','123 Street, Winterfell, Zion','Active');
INSERT INTO CLUBMEMBERS VALUES ('CUST000001', 'Ariya','Stark', 'Platinum','ariya.stark@one.com','888-911-9111','123 Street, Winterfell, Zion','Active');
INSERT INTO CLUBMEMBERS VALUES ('CUST000001', 'Jamie','Lannister', 'Platinum','ned.stark@one.com','911-911-9111','11 Street, Westeros Zion','Inactive');


CREATE TABLE SIGNSUPCANCELS (
	STAFFID CHAR(7), 
	CUSTOMERID CHAR(10), 
	ACTION VARCHAR(8),
	ACTIONDATE DATE
);

INSERT INTO SIGNSUPCANCELS VALUES ('STF1111', 'CUST000987', 'signup', '2019-03-15');
INSERT INTO SIGNSUPCANCELS VALUES ('STF1111', 'CUST000988', 'signup', '2019-03-15');
INSERT INTO SIGNSUPCANCELS VALUES ('STF1112', 'CUST000999', 'signup', '2020-03-15');
INSERT INTO SIGNSUPCANCELS VALUES ('STF1113', 'CUST001000', 'signup', '2021-01-17');
INSERT INTO SIGNSUPCANCELS VALUES ('STF1114', 'CUST000987', 'cancel', '2019-03-15');
>>>>>>> 9bb2f2334fac2e363c3ddd97aed2a7bd61313b6b

